"Vehicle Manufacturer","Vehicle Model","Emission_Emitted","Average.city.MPG","Average.highway.MPG","Combined.MPG","Annual.gas.Consumption.in.Barrels","Tailpipe.Emissions.in.g.mi","Annual.Fuel.Cost","Cost.Savings.for.Gas.over.5.Years"
"ACURA","ILX",1.83,23.7272727272727,33.4545454545455,27.2727272727273,12.1256089909091,326.909090909091,1822.72727272727,-1863.63636363636
"ACURA","ILX HYBRID",3.12,38,38,38,8.673947368,228,1300,750
"ACURA","MDX 4WD",3.69,16.8888888888889,23.3333333333333,19.3333333333333,17.1894339788889,462.881263611111,2577.77777777778,-5638.88888888889
"ACURA","MDX AWD",0.917,18.6666666666667,26,21.6666666666667,15.2200865833333,410.666666666667,2283.33333333333,-4166.66666666667
"ACURA","RDX AWD",0.77,20,27,22.5,14.65657115,393.5,2200,-3750
"ACURA","RDX AWD A-SPEC",0.72,21,26,23,14.33086957,385,2150,-3500
"ACURA","RL",4.06,16.5,23,19,17.396083335,469.0361111,2625,-5875
"ACURA","RLX",1.28,20,29.5714285714286,23,14.33086957,381.428571428571,2150,-3500
"ACURA","RLX HYBRID",1.31,28.1666666666667,29.8333333333333,28.8333333333333,11.4425365333333,309.666666666667,1708.33333333333,-1291.66666666667
"ACURA","TL 2WD",2.88,19,27.5,22,15.01329193,404.32712215,2250,-4000
"ACURA","TL 4WD",2.06,17.6363636363636,24.8181818181818,20.2727272727273,16.2664675336364,437.753679654545,2459.09090909091,-5045.45454545455
"ACURA","TLX",4.36,22.5,34.5,26.5,12.478092855,339.5,1875,-2125
"ACURA","TSX",1.15,20.4705882352941,29.1176470588235,23.5882352941176,14.0192908441176,376.375618188235,2108.82352941176,-3294.11764705882
"ACURA","ZDX 4WD",4.62,16,23,19,17.34789474,471.302631575,2600,-5750
"ALFA ROMEO","4C",1.75,24,34,28,11.77178571,317,1750,-1500
"ALFA ROMEO","GIULIA",2.11,20.5,28.625,23.5,14.34413889,388.625,2175,-3625
"ALFA ROMEO","GIULIA AWD",4.57,23,31,26,12.67730769,348,1900,-2250
"ALFA ROMEO","STELVIO AWD",2.53,19.5,25.5,21.5,15.54082237,415.833333333333,2325,-4375
"ASTON MARTIN","DB11 V8",0.7,18,24,20,16.4805,431,2500,-5250
"ASTON MARTIN","DB9",3.8,12.25,18.5833333333333,14.25,23.2316694125,623.7206044,3487.5,-10187.5
"ASTON MARTIN","DBS",1.6,12.125,18.625,14.375,23.18402593625,624.9004120875,3481.25,-10156.25
"ASTON MARTIN","V12 VANTAGE S",1.7,11.5,17.5,13.5,24.5245535725,649,3687.5,-11187.5
"ASTON MARTIN","V8 VANTAGE",2.41,13.3529411764706,19.7647058823529,15.3529411764706,21.5123613447059,575.571848747059,3235.29411764706,-8926.47058823529
"ASTON MARTIN","V8 VANTAGE",3.5,13.3529411764706,19.7647058823529,15.3529411764706,21.5123613447059,575.571848747059,3235.29411764706,-8926.47058823529
"ASTON MARTIN","V8 VANTAGE S",2.8,13.6,20.2,15.6,21.149975,562.6875,3180,-8650
"AUDI","A3",2.41,24.3809523809524,32.6666666666667,27.3333333333333,12.6443018190476,340.06349207619,1726.19047619048,-1380.95238095238
"AUDI","A3 E-TRON",0.44,33.3333333333333,37.3333333333333,35,5.811559666,155.333333333333,1416.66666666667,1333.33333333333
"AUDI","A4",2.15,23.7,31.1,26.4,12.522899425,336.92476923,1885,-2175
"AUDI","A5 QUATTRO",2.95,21,30.2173913043478,24.3478260869565,13.6354302082609,366.187178865217,2050,-3000
"AUDI","A6 QUATTRO",0.86,20.2,29.32,23.48,14.5225917884,389.908290424,2136,-3430
"AUDI","A6 QUATTRO",1.63,20.2,29.32,23.48,14.5225917884,389.908290424,2136,-3430
"AUDI","A8",1.48,17.4,27.2,20.6,16.076216454,431.78253968,2410,-4800
"AUDI","A8 L",3.06,17.2592592592593,26.6666666666667,20.2592592592593,17.0002012096296,454.989983833333,2507.40740740741,-5287.03703703704
"AUDI","Q3",2.85,20,28,23,14.33086957,388.25,2150,-3500
"AUDI","Q5",3.08,19.9130434782609,26.5652173913043,22.304347826087,15.1459791030435,407.361264826087,2223.91304347826,-3869.5652173913
"AUDI","Q5 HYBRID",1.63,24,30,26,12.67730769,337,1900,-2250
"AUDI","Q7",6.53,17,23.1363636363636,19.3181818181818,18.1237074490909,486.5114899,2547.72727272727,-5488.63636363636
"AUDI","Q8",1.15,17,22,19,17.34789474,474,2600,-5750
"AUDI","R8",3.015,12.4782608695652,20.0869565217391,15.1304347826087,21.8841811752174,588.770522786956,3291.30434782609,-9206.52173913043
"AUDI","S4",2.02,18.125,27.5625,21.125,15.64666518125,418.258928575,2350,-4500
"AUDI","S8",2.01,14.7142857142857,24.4285714285714,17.8571428571429,18.5732619071429,499.780952385714,2792.85714285714,-6714.28571428571
"AUDI","SQ5",2.07,17.5,23.8333333333333,19.6666666666667,16.7971679233333,452.833333333333,2516.66666666667,-5333.33333333333
"AUDI","TT COUPE QUATTRO",2.07,21.6428571428571,29.5714285714286,24.8571428571429,13.3715412071429,359.778479857143,1882.14285714286,-2160.71428571429
"AUDI","TT RS",2.08,19.5,28.5,22.5,14.65657115,391.5,2200,-3750
"BENTLEY","ARNAGE",2.54,10,14,11,29.96454545,807.9090909,4500,-15250
"BENTLEY","BENTAYGA",1.42,13,21,16,20.681411765,552,3100,-8250
"BENTLEY","CONTINENTAL GT",4.87,12.8666666666667,21.7333333333333,15.8666666666667,21.104840114,565.134432233333,3170,-8600
"BENTLEY","CONTINENTAL GTC",2.96,11.5555555555556,19.6666666666667,14.3333333333333,23.3447117,635.618640611111,3500,-10250
"BENTLEY","CONTINENTAL SUPERSPORTS",3.205,11.75,19.25,14,23.54357143,637.089285725,3550,-10500
"BENTLEY","FLYING SPUR",0.66,12.5555555555556,21.5555555555556,15.3333333333333,21.65726459,584.666666666667,3255.55555555556,-9027.77777777778
"BENTLEY","MULSANNE",4.47,10.8888888888889,17.7777777777778,13.2222222222222,24.9856990211111,681.8034188,3750,-11500
"BMW","128I",0.21,18.2,27.9,21.7,15.196305198,409.11082254,2280,-4150
"BMW","328D XDRIVE SPORTS WAGON",0.08,30.4,40.4,34,11.24073529,298.8,1350,500
"BMW","328I XDRIVE",0.68,19.1,27.9,22.4,14.959223076,402.01,2260,-4050
"BMW","330E",0.49,28,34.6666666666667,30.3333333333333,6.66287795,187.333333333333,1633.33333333333,416.666666666667
"BMW","335D",0.14,23,35.6666666666667,27,14.155,377.037037,1700,-1250
"BMW","335I XDRIVE",0.25,18.5833333333333,27.1666666666667,21.6666666666667,15.3199330283333,413.962886383333,2300,-4250
"BMW","335IS CONVERTIBLE",0.26,17.5,24.5,20,16.521804515,444.475772766667,2475,-5125
"BMW","428I XDRIVE CONVERTIBLE",0.8,21,32,25,13.1844,357.333333333333,2000,-2750
"BMW","430I XDRIVE CONVERTIBLE",0.46,22,32,26,12.67730769,343.5,1900,-2250
"BMW","440I XDRIVE CONVERTIBLE",0.46,20,29,23.25,14.1815896775,383.25,2125,-3375
"BMW","530E XDRIVE",0.56,25.6666666666667,30.3333333333333,27,7.37263983,197.666666666667,1833.33333333333,-166.666666666667
"BMW","535D XDRIVE",0.06,26,36.6666666666667,29.6666666666667,12.8859310333333,340.333333333333,1566.66666666667,-583.333333333333
"BMW","535I GRAN TURISMO",1.2,19.25,28,22.5,14.6701420475,396.6500947125,2200,-3750
"BMW","535I XDRIVE GRAN TURISMO",0.78,18,26.2857142857143,21,15.69571429,422.625850342857,2350,-4500
"BMW","540D XDRIVE",0.12,26,36,30,12.7395,341,1550,-500
"BMW","540I XDRIVE",0.24,20.75,29,23.75,13.894972285,372.5,2087.5,-3187.5
"BMW","550I XDRIVE GRAN TURISMO",3.32,15.5,22.8333333333333,18.3333333333333,18.0093068483333,486.914488016667,2700,-6250
"BMW","640I XDRIVE GRAN TURISMO",1,20,28,23,14.33086957,388,2150,-3500
"BMW","740E XDRIVE",0.89,25,29,27,8.009330414,214,1850,-500
"BMW","740I",0.53,19.7,27.9,22.6,14.657656819,393.47,2200,-3750
"BMW","740I XDRIVE",1.26,19.75,28.5,22.75,14.49372036,389,2175,-3625
"BMW","740LD XDRIVE",0.08,23,31,26,14.69942308,387,1800,-1750
"BMW","740LI",0.49,18.2,26.8,21.2,15.581563638,416.94,2350,-4500
"BMW","745E XDRIVE",1.05,19,26,22,9.356110733,245,2250,-2000
"BMW","750I",1.05,16.3636363636364,24,18.9090909090909,17.5455821045455,473.187165781818,2640.90909090909,-5954.54545454545
"BMW","750I XDRIVE",0.7,15.6363636363636,23.2727272727273,18.3636363636364,18.0772948581818,487.664772727273,2718.18181818182,-6340.90909090909
"BMW","750LI",1.7,14,21,17,19.38882353,522.7647059,2900,-7250
"BMW","750LI",1.7,15,22.6666666666667,18,18.368359135,496.049019616667,2750,-6500
"BMW","760LI",1.07,13,19.5,15,21.974,588.23333335,3300,-9250
"BMW","ACTIVEHYBRID 3",1.97,25,32,28,11.77178571,317.666666666667,1750,-1500
"BMW","ACTIVEHYBRID 5",0.86,23,30,26,12.67730769,345.16153846,1900,-2250
"BMW","ACTIVEHYBRID 7",0.53,17,24,20,16.4805,444.35,2500,-5250
"BMW","ACTIVEHYBRID X6",2.35,17,19,18,18.31166667,493.7222222,2750,-6500
"BMW","ALPINA B7 LWB XDRIVE",1.45,15.2,22.4,17.8,18.648986844,505.975,2800,-6750
"BMW","ALPINA B7 XDRIVE",1.73,16.3333333333333,24.6666666666667,19,17.38002047,464,2616.66666666667,-5833.33333333333
"BMW","I3 REX",4.35,41,37,39,1.563190372,39,1250,3750
"BMW","I8",1.39,28,29,28,7.356357782,198.25,1750,250
"BMW","I8 ROADSTER",1.37,26,29,27,7.13476556,191,1850,0
"BMW","M240I XDRIVE CONVERTIBLE",0.53,21.25,30.25,24.5,13.459075,361.5,2025,-2875
"BMW","M3",0.37,16,23.25,18.4166666666667,18.070723685,483.8125,2725,-6375
"BMW","M3 CONVERTIBLE",1.92,13.8,20,16,20.600625,556.85,3100,-8250
"BMW","M4 CONVERTIBLE",0.94,16.75,24.25,19.5,16.91419737,457,2550,-5500
"BMW","M4 COUPE",0.67,17.1666666666667,24.5833333333333,19.5833333333333,16.841914475,450.416666666667,2541.66666666667,-5458.33333333333
"BMW","M4 GTS",0.6,16,23,19,17.34789474,477,2600,-5750
"BMW","M5",0.34,13.6666666666667,19.9333333333333,15.6666666666667,21.3028484153333,571.297435893333,3193.33333333333,-8716.66666666667
"BMW","M6 CONVERTIBLE",1.53,13.6470588235294,20,15.6470588235294,21.2915163352941,571.288178729412,3194.11764705882,-8720.58823529412
"BMW","M760I XDRIVE",1.79,13,20,16,20.600625,570.75,3100,-8250
"BMW","X1 XDRIVE28I",4.75,22.125,31.375,25.5,12.930853845,344.625,1950,-2500
"BMW","X3 M",0.26,14,19,16,20.600625,546,3100,-8250
"BMW","X3 XDRIVE28I",1.8,20.4285714285714,27.1428571428571,23.1428571428571,14.2943112257143,387.768707485714,2135.71428571429,-3428.57142857143
"BMW","X3 XDRIVE30I",1.63,19.2857142857143,26,22,15.2432710242857,412.5962406,2300,-4250
"BMW","X3 XDRIVE35I",1.37,19,26,21,15.69571429,418.340136057143,2350,-4500
"BMW","X4 M40I",0.93,19.2,26,21.8,15.149776402,409.2,2270,-4100
"BMW","X4 XDRIVE30I",0.65,22.5,28.5,25,13.1844,358,2000,-2750
"BMW","X4 XDRIVE35I",2.01,19,26,21,15.69571429,415.5,2350,-4500
"BMW","X5 M",1.18,13.6,18.6,15.6,21.189214286,566,3190,-8700
"BMW","X5 XDRIVE 35D",0.05,23,29,25,15.2874,401,1850,-2000
"BMW","X5 XDRIVE30I",2.83,15,21,18,18.31166667,493.7222222,2750,-6500
"BMW","X5 XDRIVE35D",0.12,20.625,27.625,23.375,16.47866132375,438.9929653625,1993.75,-2718.75
"BMW","X5 XDRIVE35I",2.48,17.25,24.125,19.875,16.6095766,444.559210525,2500,-5250
"BMW","X5 XDRIVE40E",3.6,23,25,24,9.179617369,247.666666666667,2050,-1500
"BMW","X5 XDRIVE48I",3.59,14,19,16,20.600625,555.4375,3100,-8250
"BMW","X5 XDRIVE50I",1.84,15,21.1,17,19.440555406,520.3875,2915,-7325
"BMW","X5 XDRIVEM",1.58,12,17,14,23.54357143,634.7857143,3550,-10500
"BMW","X6 XDRIVE35I",0.34,16.8181818181818,23.2727272727273,19.2727272727273,17.1745041427273,460.636645090909,2586.36363636364,-5681.81818181818
"BMW","X6 XDRIVE50I",1.542,14.3636363636364,20.3636363636364,16.5454545454545,20.0038079445455,537.073484854545,3000,-7750
"BMW","X7 M50I",1.09,15,21,17,19.38882353,511,2900,-7250
"BMW","X7 XDRIVE40I",0.54,20,25,22,14.98227273,409,2250,-4000
"BMW","X7 XDRIVE50I",0.86,15,21,17,19.38882353,508.5,2900,-7250
"BMW","Z4 SDRIVE35IS",1.25,17,23,19,17.34789474,459.245614033333,2600,-5750
"BUGATTI","VEYRON",0.351,8,14.8333333333333,10,32.961,867.85,4950,-17500
"BUICK","CASCADA",7.84,20.5,28,23.5,14.032309785,383.75,2000,-2750
"BUICK","ENCLAVE AWD",6.18,16.0833333333333,22.75,18.3333333333333,18.0334011458333,485.1574074,2175,-3625
"BUICK","ENCORE AWD",5.1528,24.25,29.9166666666667,26.5833333333333,12.4180601025,336.083333333333,1495.83333333333,-229.166666666667
"BUICK","ENVISION AWD",3.94,20.4444444444444,26.3333333333333,22.8888888888889,14.4273737388889,388.888888888889,1983.33333333333,-2666.66666666667
"BUICK","LACROSSE",5.61,18.2666666666667,28.2,21.7333333333333,15.228027498,410.34148378,1843.33333333333,-1966.66666666667
"BUICK","LACROSSE AWD",2.7,17.7777777777778,26.8888888888889,21,15.7639565233333,423.522222222222,1916.66666666667,-2333.33333333333
"BUICK","REGAL",3.59,19.5806451612903,29.4516129032258,23.2903225806452,14.1903595267742,383.250513048387,1762.90322580645,-1564.51612903226
"BUICK","REGAL AWD",1.9447,19.6,27.6,22.6,14.607715911,393.7,1920,-2350
"CADILLAC","ATS-V",1.98,16.5,23.875,19.375,17.0226217125,466,2562.5,-5562.5
"CADILLAC","CT6",1.24,22.5,31,25.75,12.8312464275,348.25,1837.5,-1937.5
"CADILLAC","CT6 AWD",1.82,17.6,26.4,20.6,16.065025214,430.9,2180,-3650
"CADILLAC","CTS-V",1.7,13.6666666666667,20.1666666666667,16.1666666666667,20.4852153366667,554.20386905,3075,-8125
"CADILLAC","CTS AWD",2.95,18.5294117647059,26.6470588235294,21.5294117647059,15.3578787270588,415.108403364706,1926.47058823529,-2382.35294117647
"CADILLAC","CTS SEDAN AWD",2.55,19,27.1666666666667,22,15.0119994616667,404.333333333333,1875,-2125
"CADILLAC","CTS WAGON",7.51,15.7777777777778,22.8333333333333,18.3888888888889,18.4900270588889,499.408519727778,2527.77777777778,-5388.88888888889
"CADILLAC","ELR",2.83,31,34.3333333333333,32.6666666666667,3.57771135433333,91,1516.66666666667,2083.33333333333
"CADILLAC","SRX 2WD",5.1,16.4285714285714,23.4285714285714,18.8571428571429,17.5903128828571,472.633862928571,2214.28571428571,-3821.42857142857
"CADILLAC","SRX AWD",4.12,15.6363636363636,22.3636363636364,17.8181818181818,18.5672981545455,496.351974854545,2395.45454545455,-4727.27272727273
"CADILLAC","XT4 AWD",0.98,22,29,24,13.73375,365.5,2050,-3000
"CADILLAC","XT5 AWD",4.2,18,25.25,20.75,15.8919107175,424.75,1925,-2375
"CADILLAC","XTS",2.9,18.1428571428571,27.8571428571429,21.4285714285714,15.3899536214286,414.285714285714,1857.14285714286,-2035.71428571429
"CADILLAC","XTS AWD",5.13,16.5384615384615,24.7692307692308,19.2307692307692,17.1773812430769,461.153846153846,2242.30769230769,-3961.53846153846
"CADILLAC","XTS HEARSE",4.65,14.8571428571429,21,17,19.38882353,525.857142857143,2350,-4500
"CHEVROLET","CAMARO",4.12,16.6493506493506,25.3636363636364,19.5844155844156,17.2356983906494,463.731075983117,2348.05194805195,-4490.25974025974
"CHEVROLET","COLORADO 4WD",7.1348,17.4545454545455,23.6363636363636,19.8484848484848,17.1139167257576,460.772647527273,2072.72727272727,-3113.63636363636
"CHEVROLET","COLORADO ZR2 4WD",0.06,17.25,20,18.25,19.500474265,523.625,2362.5,-4562.5
"CHEVROLET","CORVETTE",1.06,15.1,24.225,18.2,18.21570960775,490.9950587975,2631.25,-5906.25
"CHEVROLET","CORVETTE",3.01,15.1,24.225,18.2,18.21570960775,490.9950587975,2631.25,-5906.25
"CHEVROLET","CRUZE",6.86,26.6176470588235,38.8235294117647,31,11.0583310522353,297.422690002941,1327.94117647059,610.294117647059
"CHEVROLET","CRUZE",0.54,26.6176470588235,38.8235294117647,31,11.0583310522353,297.422690002941,1327.94117647059,610.294117647059
"CHEVROLET","EQUINOX AWD",9.77,19.5,26.8888888888889,22.3333333333333,15.1632258463889,407.859706325,1872.22222222222,-2111.11111111111
"CHEVROLET","EQUINOX FWD",2.5,20.6388888888889,28.6388888888889,23.9166666666667,14.2068941908333,383.123734816667,1758.33333333333,-1541.66666666667
"CHEVROLET","IMPALA",4.11,18.8181818181818,28.4242424242424,22.3030303030303,14.8339569321212,400.450412327273,1789.39393939394,-1696.9696969697
"CHEVROLET","IMPALA",0.75,18.8181818181818,28.4242424242424,22.3030303030303,14.8339569321212,400.450412327273,1789.39393939394,-1696.9696969697
"CHEVROLET","MALIBU",5.6,21.9411764705882,31.4411764705882,25.5,13.1294436385294,354.946633697059,1632.35294117647,-911.764705882353
"CHEVROLET","SILVERADO 4WD",0.32,17,21.6666666666667,18.7777777777778,18.0750063333333,488.444444444444,2250,-4000
"CHEVROLET","SONIC",0.96,26.258064516129,35.4193548387097,29.7096774193548,11.1208048512903,298.8642973,1327.41935483871,612.903225806452
"CHEVROLET","SONIC 5",0.88,26.2258064516129,35.3225806451613,29.6451612903226,11.1444590906452,299.380426332258,1329.03225806452,604.838709677419
"CHEVROLET","SPARK",5.4,29.875,37.9375,33.125,9.95501423175,268.9375,1193.75,1281.25
"CHEVROLET","SPARK ACTIV",1.15,29.5,37.125,32.5,10.144247159,273.75,1225,1125
"CHEVROLET","SS",1.46,14.1428571428571,21.2857142857143,16.7142857142857,19.7350525214286,533.571428571429,2800,-6750
"CHEVROLET","TRAVERSE AWD",9.28,16.0833333333333,23.3333333333333,18.9166666666667,17.4712008533333,471.578947366667,2116.66666666667,-3333.33333333333
"CHEVROLET","VOLT",2.05,38.5555555555556,40.8888888888889,39.2222222222222,2.66955876977778,68.6666666666667,1172.22222222222,3138.88888888889
"CHRYSLER","200",2.02,20.6363636363636,31.2272727272727,24.0454545454545,13.7888560786364,369.694319681818,1663.63636363636,-1068.18181818182
"CHRYSLER","300",2.53,17.8518518518519,27.962962962963,21.4074074074074,15.5238892966667,419.682830262963,1988.88888888889,-2694.44444444444
"CHRYSLER","300 AWD",2.58,17.2173913043478,25.6086956521739,20.0434782608696,16.5218045152174,441.284915182609,2041.30434782609,-2956.52173913043
"CHRYSLER","300 AWD",2.6,17.2173913043478,25.6086956521739,20.0434782608696,16.5218045152174,441.284915182609,2041.30434782609,-2956.52173913043
"CHRYSLER","300/SRT-8",3.15,16,23.75,18.75,17.8745272575,481.93599625,2243.75,-3968.75
"CHRYSLER","PACIFICA",0.76,18.5714285714286,28,22,14.98227273,407.428571428571,1800,-1750
"CHRYSLER","PACIFICA HYBRID",1.02,30.5,31.5,31,4.2947988395,112.5,1275,2375
"CHRYSLER","PT CRUISER",7.07,19.25,24.5,21.5,15.35450311,413.990683225,1862.5,-2062.5
"CHRYSLER","SEBRING",0.71,18.6666666666667,28,22,15.0655075766667,406.1987374,1816.66666666667,-1833.33333333333
"CHRYSLER","SEBRING CONVERTIBLE",3.45,18,27.3333333333333,21.3333333333333,15.5023612866667,417.977260166667,1883.33333333333,-2166.66666666667
"CHRYSLER","SEBRING CONVERTIBLE",2.47,18,27.3333333333333,21.3333333333333,15.5023612866667,417.977260166667,1883.33333333333,-2166.66666666667
"DODGE","AVENGER",1.08,19.5555555555556,28.6111111111111,22.6111111111111,14.620985235,392.692636522222,1766.66666666667,-1583.33333333333
"DODGE","CHALLENGER",3.58,15.7916666666667,24.6875,18.8125,17.7038662816667,477.18937839375,2446.875,-4984.375
"DODGE","CHALLENGER SRT8",3.94,13.875,22.8125,16.8125,19.632866881875,528.92072610625,2943.75,-7468.75
"DODGE","CHARGER AWD",2.88,17.1818181818182,25.5454545454545,20,16.5593540709091,442.479684054545,2047.72727272727,-2988.63636363636
"DODGE","CHARGER SRT",5.01,13.8,23.2,16.8,19.685041668,522,2960,-7550
"DODGE","CHARGER SRT8",3.79,14,23.2857142857143,17,19.4272934185714,519.680672271429,2914.28571428571,-7321.42857142857
"DODGE","DART",4.39,24.3913043478261,34.4347826086956,28.0434782608696,11.798835776087,317.869565217391,1493.47826086957,-217.391304347826
"DODGE","DART GT",2.68,22.5,32,25.5,12.930853845,343,1575,-625
"DODGE","DURANGO 4WD",2.06,14.125,20.625,16.375,20.35968201875,548.9157163875,2556.25,-5531.25
"DODGE","DURANGO AWD",2.99,15.8571428571429,23.3571428571429,18.5714285714286,17.9514091842857,484.142857142857,2350,-4500
"DODGE","DURANGO SRT AWD",2.47,13,19,15,21.974,584,3300,-9250
"DODGE","GRAND CARAVAN",1.84,16.9473684210526,24.8421052631579,19.8421052631579,16.6225295478947,448.658371805263,2015.78947368421,-2828.94736842105
"DODGE","JOURNEY",4.93,18,25,20,16.521804515,438.125,2000,-2750
"DODGE","RAM 1500 PICKUP 2WD",1.76,14,19.75,15.75,20.94396875,564.694791675,2595.83333333333,-5729.16666666667
"DODGE","RAM 1500 PICKUP 4WD",3.56,13.125,18.375,15.125,21.802328125,587.8380208625,2731.25,-6406.25
"DODGE","RAM 1500 PICKUP 4WD",2.9,13.125,18.375,15.125,21.802328125,587.8380208625,2731.25,-6406.25
"DODGE","VIPER CONVERTIBLE",3.5,13,22,16,20.600625,555.4375,3100,-8250
"DODGE","VIPER SRT",7.41,12,21,15,21.974,583,3300,-9250
"FERRARI","488 GTB",0.74,15.5,22,18,18.31166667,498.25,2750,-6500
"FERRARI","599 GTB FIORANO",1.96,11,15,12.1666666666667,27.1153525633333,731.088675183333,4050,-13000
"FERRARI","599 SA APERTA",1.904,11,15,12,27.4675,740.5833333,4100,-13250
"FERRARI","812 SUPERFAST",1.49,12,16,13,25.35461538,661,3800,-11750
"FERRARI","CALIFORNIA",2.193,13.4,19,15.4,21.42465,583.48000002,3220,-8850
"FERRARI","CALIFORNIA T",0.74,16,23,18.5,17.829780705,483,2675,-6125
"FERRARI","F12 BERLINETTA",1.31,12,16,13,25.35461538,667,3800,-11750
"FERRARI","FF",1.24,11,17,13,25.35461538,685.12307692,3800,-11750
"FERRARI","GTC4LUSSO",0.98,12,17,13,25.35461538,661,3800,-11750
"FERRARI","GTC4LUSSO T",0.985,15,21,17,19.38882353,524,2900,-7250
"FERRARI","LAFERRARI APERTA",1.77,12,15,13,25.35461538,682,3800,-11750
"FIAT","500",4.43,27.5,34,30,11.05038344575,296.548626079167,1660.41666666667,-1052.08333333333
"FORD","E350 VAN",2.89,10,14,12,27.4675,747.79166665,3300,-9250
"FORD","E350 VAN FFV",1.39,12,16,13,25.35461538,674.8076923,3050,-8000
"FORD","EDGE AWD",1.78,18.1034482758621,24.9655172413793,20.5172413793103,16.1529537831034,434.304249127586,1960.34482758621,-2551.72413793103
"FORD","EDGE AWD",3.54,18.1034482758621,24.9655172413793,20.5172413793103,16.1529537831034,434.304249127586,1960.34482758621,-2551.72413793103
"FORD","ESCAPE AWD",3.54,21.2666666666667,27.9333333333333,23.8666666666667,13.8261044946667,373.626086953333,1676.66666666667,-1133.33333333333
"FORD","ESCAPE FWD",4.5,21.9354838709677,29.1935483870968,24.6774193548387,13.4051627870968,361.267710541935,1624.1935483871,-870.967741935484
"FORD","ESCAPE FWD",3.54,21.9354838709677,29.1935483870968,24.6774193548387,13.4051627870968,361.267710541935,1624.1935483871,-870.967741935484
"FORD","ESCAPE FWD FFV",2.16,20,27,22.5,14.714732145,396.0952381,1775,-1625
"FORD","EXPLORER 4WD",1.79,14.6666666666667,20.3333333333333,16.6666666666667,19.9741732466667,538.547002933333,2416.66666666667,-4833.33333333333
"FORD","EXPLORER AWD",2.49,16.8571428571429,23.2380952380952,19.2857142857143,17.1694786352381,465.035087719048,2073.80952380952,-3119.04761904762
"FORD","EXPLORER FWD",2.09,18.2777777777778,25.5555555555556,21.1111111111111,15.6698649555556,427.46896135,1900,-2250
"FORD","F150 PICKUP 2WD",4.47,16.90625,23,19.1875,17.683816029375,476.392509421875,2134.375,-3421.875
"FORD","F150 PICKUP 4WD",3.78,15.875,21.1875,17.75,19.1344415146875,514.033398734375,2314.0625,-4320.3125
"FORD","FIESTA",7.62,28.5,36.5,31.5,10.466446575,282.1980847,1275,875
"FORD","FUSION FWD",1.3,22.0227272727273,31.9545454545455,25.5681818181818,12.9883342581818,350.547687079545,1567.04545454545,-585.227272727273
"FORD","FUSION FWD",1.38,22.0227272727273,31.9545454545455,25.5681818181818,12.9883342581818,350.547687079545,1567.04545454545,-585.227272727273
"FORD","GT",1.43,11,18,14,23.54357143,653.666666666667,3550,-10500
"FORD","MUSTANG",3.44,17.5833333333333,26.6166666666667,20.7166666666667,16.1489601081667,435.411885376667,2008.33333333333,-2791.66666666667
"FORD","MUSTANG",6.14,17.5833333333333,26.6166666666667,20.7166666666667,16.1489601081667,435.411885376667,2008.33333333333,-2791.66666666667
"FORD","RANGER 2WD",1.63,18.3333333333333,23.3333333333333,20.2222222222222,16.5972849177778,447.566407311111,2005.55555555556,-2777.77777777778
"FORD","RANGER PICKUP 2WD",2.66,17.75,23,19.75,16.931768515,456.51717715,2050,-3000
"FORD","RANGER PICKUP 2WD",3.79,17.75,23,19.75,16.931768515,456.51717715,2050,-3000
"FORD","RANGER PICKUP 4WD",2.71,14.5,18.5,15.5,21.2873125,573.95208335,2575,-5625
"FORD","TRANSIT CONNECT",3.07,21.5,25,22.5,14.65657115,395.1729249,1775,-1625
"FORD","TRANSIT CONNECT",1.81,21.5,25,22.5,14.65657115,395.1729249,1775,-1625
"FORD","TRANSIT CONNECT WAGON LWB FFV",1.62,21,27.8,23.6,14.060286714,381.2,1700,-1250
"FORD","TRANSIT T150 WAGON",0.6,14.5714285714286,18.5714285714286,15.8571428571429,20.7968214285714,557.571428571429,2521.42857142857,-5357.14285714286
"FORD","TRANSIT T150 WAGON FFV",8.04,14,18.2,15.8,20.8753,567.4,2530,-5400
"GMC","ACADIA AWD",6.58,17.3333333333333,23.8666666666667,19.8,16.7688571153333,451.463157893333,2030,-2900
"GMC","ACADIA FWD",7.91,18.1875,24.8125,20.5,16.196238983125,437.621710525,1962.5,-2562.5
"GMC","CANYON 4WD",8.47,17.4545454545455,23.6666666666667,19.8181818181818,17.1431219357576,461.560083287879,2075.75757575758,-3128.78787878788
"GMC","CANYON CAB CHASSIS 2WD",7.2,15,16,15.4,21.42465,571.8,2590,-5700
"GMC","SIERRA 4WD AT4",1.23,16.6,21,18.6,18.507431374,495.6,2340,-4450
"GMC","TERRAIN AWD",9.54,19.5161290322581,26.5806451612903,22.2903225806452,15.218888566129,409.898793083871,1888.70967741935,-2193.54838709677
"HONDA","ACCORD",1.7,23.2280701754386,32.8245614035088,26.5789473684211,12.5845987142807,337.007567545614,1514.91228070175,-324.561403508772
"HONDA","ACCORD HYBRID",0.501,48.3333333333333,46.5,47.5,6.9399268615,185.833333333333,850,3000
"HONDA","CIVIC",5.42,25.5652173913043,34.1304347826087,28.8260869565217,11.5727924698261,312.10432583913,1517.39130434783,-336.95652173913
"HONDA","CIVIC 2DR",0.55,29.0869565217391,38.304347826087,32.9130434782609,10.0506630088696,271.086956521739,1239.13043478261,1054.34782608696
"HONDA","CIVIC 5DR",5.9692,29.2727272727273,37.3636363636364,32.3636363636364,10.2570481830909,275.272727272727,1377.27272727273,363.636363636364
"HONDA","CIVIC HYBRID",3.84,41.5714285714286,44.4285714285714,43,7.67136114785714,206.5605495,921.428571428571,2642.85714285714
"HONDA","CLARITY PLUG-IN HYBRID",0.31,44,40,42,2.259325763,57,950,3750
"HONDA","CR-Z",0.49,32.8333333333333,37.5,34.6666666666667,9.5230459,254.707244,1141.66666666667,1541.66666666667
"HONDA","ELEMENT 4WD",4.42,18.5,23.3333333333333,20.5,16.088107145,433.7702381,1950,-2500
"HONDA","FIT",1.05,29.2666666666667,35.6,31.8666666666667,10.3977359332,280.74787048,1248.33333333333,1008.33333333333
"HONDA","FIT EV",0,132,105,118,0.174,0,550,4500
"HONDA","HR-V 4WD",1.94,27,32,29,11.36586207,313,1350,500
"HONDA","HR-V AWD",2.104,26.75,31,28.75,11.46734298,313.25,1362.5,437.5
"HONDA","INSIGHT",0.31,42.3333333333333,43.1666666666667,42.6666666666667,7.789329503,209.614532533333,925,2625
"HONDA","ODYSSEY",0.9,18.3157894736842,26.6315789473684,21.2105263157895,15.6030920510526,419.601815147368,1878.94736842105,-2144.73684210526
"HONDA","RIDGELINE AWD",1.014,18,25,21,15.69571429,424,1900,-2250
"HYUNDAI","ACCENT",2.969,27.5,36.5,30.9583333333333,10.6680681037917,286.592752266667,1283.33333333333,833.333333333333
"HYUNDAI","ACCENT",1.514,27.5,36.5,30.9583333333333,10.6680681037917,286.592752266667,1283.33333333333,833.333333333333
"HYUNDAI","ACCENT BLUE",0.395,26.5,35.5,30,10.99922136,296.56284765,1325,625
"HYUNDAI","AZERA",0.775,19,27.25,22,15.0251826216667,407.031778975,1825,-1875
"HYUNDAI","AZERA",3.973,19,27.25,22,15.0251826216667,407.031778975,1825,-1875
"HYUNDAI","AZERA LIMITED",0.71,19,28,22,14.98227273,404.666666666667,1800,-1750
"HYUNDAI","ELANTRA",3.5561,26.6341463414634,35.7317073170732,30.0975609756098,11.0376417978293,297.324696512195,1324.39024390244,628.048780487805
"HYUNDAI","ELANTRA",2.305,26.6341463414634,35.7317073170732,30.0975609756098,11.0376417978293,297.324696512195,1324.39024390244,628.048780487805
"HYUNDAI","ELANTRA BLUE",1.9,27,36.5,30.5,10.833087285,295.72413795,1300,750
"HYUNDAI","ELANTRA GT",1.8,24.3,32.2,27.2,12.139561789,328.65,1450,0
"HYUNDAI","ELANTRA LIMITED",2.49,27,36,30,10.987,293.333333333333,1300,750
"HYUNDAI","ELANTRA TOURING",2.342,23,30.25,26,12.67730769,341.8076923,1550,-500
"HYUNDAI","EQUUS",1.785,15.1666666666667,23.1666666666667,18,18.31166667,497.740740733333,2750,-6500
"HYUNDAI","EQUUS",4.75,15.1666666666667,23.1666666666667,18,18.31166667,497.740740733333,2750,-6500
"HYUNDAI","GENESIS",3.87,17.4545454545455,26.1818181818182,20.4545454545455,16.1592806218182,435.857863672727,2181.81818181818,-3659.09090909091
"HYUNDAI","GENESIS",3.735,17.4545454545455,26.1818181818182,20.4545454545455,16.1592806218182,435.857863672727,2181.81818181818,-3659.09090909091
"HYUNDAI","GENESIS COUPE",3.187,17.9166666666667,26.875,21,15.8137709075,424.249557883333,2218.75,-3843.75
"HYUNDAI","GENESIS COUPE",3.426,17.9166666666667,26.875,21,15.8137709075,424.249557883333,2218.75,-3843.75
"HYUNDAI","GENESIS R SPEC",0.51,15,23,18,18.31166667,495,2750,-6500
"HYUNDAI","GENESIS R SPEC",1.652,15,23,18,18.31166667,495,2750,-6500
"HYUNDAI","SONATA",4.66,23.53125,33.375,26.90625,12.3433848709375,332.39676913125,1490.625,-203.125
"HYUNDAI","SONATA",3.41,23.53125,33.375,26.90625,12.3433848709375,332.39676913125,1490.625,-203.125
"HYUNDAI","SONATA HYBRID",0.81,36.3333333333333,40.4444444444444,38.3333333333333,8.62175982066667,233.413580244444,1027.77777777778,2111.11111111111
"HYUNDAI","SONATA HYBRID",1.422,36.3333333333333,40.4444444444444,38.3333333333333,8.62175982066667,233.413580244444,1027.77777777778,2111.11111111111
"HYUNDAI","SONATA HYBRID LIMITED",2.352,35,38,37,8.908378378,245,1050,2000
"HYUNDAI","SONATA PLUG-IN HYBRID",1.04,37.5,41.25,39.25,3.82657901275,101.25,1000,3250
"HYUNDAI","VELOSTER",1.984,26.1,33.8,29.0666666666667,11.369265098,305.963691756667,1358.33333333333,458.333333333333
"HYUNDAI","VELOSTER",1.0128,26.1,33.8,29.0666666666667,11.369265098,305.963691756667,1358.33333333333,458.333333333333
"HYUNDAI","VELOSTER N",1.5049,22,28.5,25,13.1844,363,1600,-750
"HYUNDAI","VENUE",0.57,28.5,34.5,31,10.64365625,290.5,1275,875
"INFINITI","Q50 HYBRID AWD",1.2,27,31.6,28.8,11.457871426,308.6,1710,-1300
"INFINITI","Q70",0.57,17,24.6666666666667,20,16.521804515,449.333333333333,2475,-5125
"INFINITI","Q70 AWD",1.16,16.9166666666667,23.5,19,17.396083335,465.083333333333,2625,-5875
"INFINITI","QX50 AWD",1.23,19,25.6666666666667,21.8333333333333,15.297284615,417.666666666667,2316.66666666667,-4333.33333333333
"INFINITI","QX60 AWD",5.1138,19,25.8571428571429,21.8571428571429,15.0841929528571,411.428571428571,2264.28571428571,-4071.42857142857
"INFINITI","QX80 4WD",4.28,13.5,19.3333333333333,15.5,21.2873125,577.666666666667,3200,-8750
"JAGUAR","F-PACE",1.79,20.6666666666667,26.1666666666667,22.9166666666667,15.27358022,409.25,2204.16666666667,-3770.83333333333
"JAGUAR","F-PACE",0.07,20.6666666666667,26.1666666666667,22.9166666666667,15.27358022,409.25,2204.16666666667,-3770.83333333333
"JAGUAR","I-PACE",0,80,72,76,0.264,0,850,3000
"JAGUAR","XF",0.96,19.6153846153846,28.4230769230769,22.7692307692308,15.3700973573077,412.345320315385,2263.46153846154,-4067.30769230769
"JAGUAR","XF AWD",1.65,22,31.1428571428571,25.4285714285714,13.7982983242857,371.857142857143,2003.57142857143,-2767.85714285714
"JAGUAR","XF SUPERCHARGED",5.9,15,23,17,19.38882353,522.7647059,2900,-7250
"JEEP","COMMANDER 2WD",4.26,14.3333333333333,19.6666666666667,15.6666666666667,21.0584166666667,567.780555566667,2550,-5500
"JEEP","COMMANDER 4WD",1.99,13.3333333333333,18.6666666666667,15.3333333333333,21.5162083333333,580.123611133333,2600,-5750
"JEEP","GRAND CHEROKEE 4WD",1.69,16.09375,22.75,18.53125,18.589261670625,503.609709328125,2345.3125,-4476.5625
"JEEP","GRAND CHEROKEE 4WD",5.64,16.09375,22.75,18.53125,18.589261670625,503.609709328125,2345.3125,-4476.5625
"JEEP","PATRIOT 2WD",1.68,22.45,27.6,24.3,13.5808873925,365.588010865,1647.5,-987.5
"JEEP","PATRIOT 4WD",2.85,21.037037037037,25.1851851851852,22.6296296296296,14.6222432362963,393.110997696296,1768.51851851852,-1592.59259259259
"JEEP","PATRIOT 4WD",1.83,21.037037037037,25.1851851851852,22.6296296296296,14.6222432362963,393.110997696296,1768.51851851852,-1592.59259259259
"JEEP","PATRIOT 4WD",7.71,21.037037037037,25.1851851851852,22.6296296296296,14.6222432362963,393.110997696296,1768.51851851852,-1592.59259259259
"JEEP","WRANGLER 4WD",4.94,17.0384615384615,21.2692307692308,18.4615384615385,17.9959498307692,479.296364380769,2171.15384615385,-3605.76923076923
"KARMA","REVERO",3.6,19.5,21,20,5.9032155645,153.5,2500,-500
"KIA","CADENZA",1.72,19.5,27.8333333333333,22.5,14.65657115,394.166666666667,1775,-1625
"KIA","FORTE",5.579,25.0769230769231,34.5384615384615,28.6153846153846,11.5713045085385,313.014037623077,1387.17948717949,314.102564102564
"KIA","FORTE",3.9812,25.0769230769231,34.5384615384615,28.6153846153846,11.5713045085385,313.014037623077,1387.17948717949,314.102564102564
"KIA","FORTE 5",2.534,23.125,30.5625,25.875,12.7930971225,343.6875,1531.25,-406.25
"KIA","FORTE ECO",1.721,26.75,34.75,29.75,11.0817155175,299.11666665,1312.5,687.5
"KIA","K900",4.6049,16.5,24.2,19.5,16.977530955,466.3,2305,-4275
"KIA","NIRO",1.05,51,46,49,6.726734694,183,800,3250
"KIA","OPTIMA",3.7644,23.2058823529412,32.8529411764706,26.5294117647059,12.5121929473529,337.644428988235,1510.29411764706,-301.470588235294
"KIA","OPTIMA",4.046,23.2058823529412,32.8529411764706,26.5294117647059,12.5121929473529,337.644428988235,1510.29411764706,-301.470588235294
"KIA","OPTIMA HYBRID",0.41,36.5,41,38.7,8.55280199,231.37222222,1020,2150
"KIA","OPTIMA PLUG-IN HYBRID",0.42,38.25,43.25,40.25,3.6207896785,97,987.5,3250
"KIA","RIO",2.613,27.8260869565217,36.0434782608696,31,10.6512005036087,286.488706752174,1278.26086956522,858.695652173913
"KIA","RIO",0.41,27.8260869565217,36.0434782608696,31,10.6512005036087,286.488706752174,1278.26086956522,858.695652173913
"KIA","RIO ECO",1.445,27.6,36,31.2,10.56612702,284.6,1290,800
"KIA","RIO ECO",1.11,27.6,36,31.2,10.56612702,284.6,1290,800
"KIA","RONDO",3.52,19,26,21.5,15.33899351,413.57251085,1850,-2000
"KIA","SEDONA",0.844,17.6363636363636,23.7272727272727,20.0909090909091,16.4404471427273,446.349092427273,1990.90909090909,-2704.54545454545
"KIA","SEDONA",2.19,17.6363636363636,23.7272727272727,20.0909090909091,16.4404471427273,446.349092427273,1990.90909090909,-2704.54545454545
"KIA","SEDONA SXL",0.9633,17,22,19,17.34789474,476,2100,-3250
"KIA","SOUL",1.347,24.675,30.175,26.85,12.29307841,332.6035369275,1477.5,-137.5
"KIA","SOUL",4.29,24.675,30.175,26.85,12.29307841,332.6035369275,1477.5,-137.5
"KIA","SOUL ECO",1.593,25,30,27,12.2245467,331.55013735,1475,-125
"KIA","SOUL ECO DYNAMICS",1.01,24,30,26,12.67730769,337,1550,-500
"KIA","SOUL ECO DYNAMICS",1.01,29,35,31,10.63258065,287,1300,750
"KOENIGSEGG","AGERA RS",3.32,11,18,13,25.35461538,654,3800,-11750
"LAMBORGHINI","HURACAN",2.57,13.6666666666667,19.5,16,20.6544828433333,561,3100,-8250
"LAMBORGHINI","HURACAN SPYDER",0.955,13.4,19,15.4,21.42465,571.8,3220,-8850
"LAMBORGHINI","MURCIELAGO",2.02,8.5,13.5,10.5,31.462772725,848.30454545,4725,-16375
"LAMBORGHINI","URUS",1.11,12,17,14,23.54357143,617,3550,-10500
"LAND ROVER","DISCOVERY",0.17,18.5,23.5,20.5,17.4642029,474,2375,-4625
"LAND ROVER","LR2",2.09,15.8571428571429,22.8571428571429,18.5714285714286,17.8346400571429,483.281979457143,2371.42857142857,-4607.14285714286
"LAND ROVER","LR4",0.43,13.7142857142857,17.8571428571429,14.8571428571429,22.2823086742857,592.622448985714,3357.14285714286,-9535.71428571429
"LAND ROVER","RANGE ROVER",0.82,15.125,21,17.2083333333333,20.0169542620833,538.026984133333,2947.91666666667,-7489.58333333333
"LAND ROVER","RANGE ROVER EVOQUE",2.61,20.5714285714286,28.4285714285714,23.5714285714286,14.0119922085714,378.707792214286,2100,-3250
"LAND ROVER","RANGE ROVER EVOQUE CABRIOLET",6.29,21,29,24,13.73375,371,2050,-3000
"LAND ROVER","RANGE ROVER LWB",0.7,15.7142857142857,21,17.7142857142857,18.6902913557143,506.714285714286,2807.14285714286,-6785.71428571429
"LAND ROVER","RANGE ROVER SPORT",3.89,15.5925925925926,21,17.6296296296296,19.6229225855556,528.815167555556,2875.92592592593,-7129.62962962963
"LEXUS","CT 200H",1,43,40,42,7.847857143,210.027210885714,950,2500
"LEXUS","ES 300H",0.69,40.75,40.375,41,8.052971591,217.625,975,2375
"LEXUS","ES 350",1.4,20.5,29.5833333333333,23.6666666666667,13.973850525,374.401515166667,1758.33333333333,-1541.66666666667
"LEXUS","GS 200T F SPORT",1.91,21,30,24,13.73375,368,2050,-3000
"LEXUS","GS 350",1.41,19.4545454545455,27.6363636363636,22.6363636363636,14.5733833009091,395.281778836364,2186.36363636364,-3681.81818181818
"LEXUS","GS 350 AWD",2.3,18.7272727272727,25.7272727272727,21,15.7151717854545,421.004545454545,2363.63636363636,-4568.18181818182
"LEXUS","GS 450H",1.63,26.6666666666667,31,28.3333333333333,11.8653436233333,317.4637681,1783.33333333333,-1666.66666666667
"LEXUS","GS F",1.02,16,24,19,17.34789474,472,2600,-5750
"LEXUS","GX 460",3.91,15,19.3636363636364,16.6363636363636,19.82947861,529.026737972727,2972.72727272727,-7613.63636363636
"LEXUS","HS 250H",1.08,35,33.3333333333333,34.3333333333333,9.60208403366667,258.892997166667,1150,1500
"LEXUS","IS 250/IS 250C",1.42,20,28,23,14.3707513928571,387.282081042857,2150,-3500
"LEXUS","IS 300",1.44,21.3333333333333,30.6666666666667,24.6666666666667,13.3816025633333,356,2000,-2750
"LEXUS","IS 350 AWD",1.01,18.8,25.8,21.1,15.631504549,417.65404762,2345,-4475
"LEXUS","IS 350/IS 350C",1.55,19,26.5,21.5,15.3568295475,413.56477275,2312.5,-4312.5
"LEXUS","IS F",2.06,16,23,18,18.31166667,487.481481466667,2750,-6500
"LEXUS","LC 500",1.47,16,25.3333333333333,19,17.34789474,468.333333333333,2600,-5750
"LEXUS","LC 500H",0.86,26.6666666666667,35,30,10.987,299,1650,-1000
"LEXUS","LFA",3.5,11,16,13,25.35461538,683.6153846,3800,-11750
"LEXUS","LS 460 AWD",2.42,16,23,18,18.31166667,489.432098755556,2750,-6500
"LEXUS","LS 460 L AWD",1.95,16,23,18,18.31166667,489.432098755556,2750,-6500
"LEXUS","LS 500 AWD",1.53,18,27,21,15.69571429,419.333333333333,2350,-4500
"LEXUS","LS 500H AWD",1.22,23,31,26,12.67730769,342.666666666667,1900,-2250
"LEXUS","LS 600H L",1.97,19.25,22.75,20.25,16.2843035725,432.76011905,2462.5,-5062.5
"LEXUS","LX 570",3.11,12.4545454545455,17.5454545454545,14.3636363636364,22.9728181827273,616.3961039,3459.09090909091,-10045.4545454545
"LEXUS","NX 200T AWD F SPORT",0.66,22,27,24,13.73375,374,2050,-3000
"LEXUS","NX 300 AWD F SPORT",0.79,22,27,24,13.73375,374,2050,-3000
"LEXUS","NX 300H AWD",1.46,33,30,31,10.63258065,281.666666666667,1300,750
"LEXUS","RC 350 AWD",0.58,18.6,25.2,21,15.69571429,420.2,2350,-4500
"LEXUS","RC F",0.98,16,24.8333333333333,19,17.34789474,464,2600,-5750
"LEXUS","RX 350 AWD",1.71,18.3571428571429,25.1428571428571,20.9285714285714,15.7772504657143,425.646428571429,1978.57142857143,-2642.85714285714
"LEXUS","RX 450H AWD",2.8,29.9090909090909,27.5454545454545,29,11.3781627836364,305.839453645455,1700,-1250
"LEXUS","SC 430",2.52,16,23,19,17.34789474,467.7368421,2600,-5750
"LEXUS","UX 200",1.28,29,37,33,9.988181818,271,1200,1250
"LEXUS","UX 250H AWD",0.43,41,38,39,8.451538462,225,1000,2250
"LINCOLN","MKX AWD",6.5513,16.6153846153846,23.1538461538462,18.9230769230769,17.4220310423077,467.6871345,2107.69230769231,-3288.46153846154
"LINCOLN","NAVIGATOR 4WD FFV",3.34,13,18,15,21.974,599.23333335,2650,-6000
"LINCOLN","TOWN CAR FFV",0.8,16,24,19,17.34789474,467.7368421,2100,-3250
"LOTUS","ELISE/EXIGE",1.88,20.5,26.5,22.5,14.65657115,395.1729249,2200,-3750
"LOTUS","EVORA",4.5041,17.8695652173913,26.1739130434783,20.8695652173913,15.8479638952174,426.573872126087,2384.78260869565,-4673.91304347826
"LOTUS","EVORA GT",5.04,17,25,20,16.4805,439.5,2500,-5250
"MAHINDRA","TR40",0.1513,19,21,20,19.10925,509,2300,-4250
"MASERATI","LEVANTE GTS",0.83,14,18,15,21.974,580,3300,-9250
"MASERATI","LEVANTE S",1.5,14.5,20,16.5,19.994724265,541.75,3000,-7750
"MASERATI","LEVANTE S",1.88,14.5,20,16.5,19.994724265,541.75,3000,-7750
"MASERATI","LEVANTE TROFEO",0.52,14,18,15,21.974,580,3300,-9250
"MASERATI","LEVANTE TROFEO",1.03,14,18,15,21.974,580,3300,-9250
"MASERATI","LEVANTE TROFEO",0.54,14,18,15,21.974,580,3300,-9250
"MASERATI","QUATTROPORTE GTS",2.33,14.2,22,16.6,19.873544118,528.6,2980,-7650
"MASERATI","QUATTROPORTE GTS",1.94,14.2,22,16.6,19.873544118,528.6,2980,-7650
"MASERATI","QUATTROPORTE S",1.36,16.2,23.2,18.2,18.118912284,477.4,2720,-6350
"MASERATI","QUATTROPORTE SQ4 V6",3.67,15.6666666666667,23.3333333333333,18,18.31166667,487.5,2750,-6500
"MAZDA","6",1.36,22.969696969697,32.2727272727273,26.2727272727273,12.7899166236364,345.090612963636,1537.87878787879,-439.393939393939
"MAZDA","MX-5",4.69,22.6551724137931,29.2413793103448,25.2413793103448,13.1854792186207,353.27236382069,1972.41379310345,-2612.06896551724
"MAZDA","RX-8",4.12,16,22.5,18.5,17.829780705,480.72953215,2675,-6125
"MERCEDES-BENZ","AMG G65",1.73,11,13,12,27.4675,762,4100,-13250
"MERCEDES-BENZ","B-CLASS ELECTRIC DRIVE",0,85,82.5,84,0.24,0,800,3250
"MERCEDES-BENZ","METRIS (PASSENGER VAN)",0.9,19.5,23.1666666666667,21.3333333333333,15.4579004366667,421.5,2316.66666666667,-4333.33333333333
"MERCEDES-BENZ","ML450 HYBRID 4MATIC",2.63,20.5,24,22,14.98227273,403.9545455,2250,-4000
"MERCEDES-BENZ","SLR",0.43,12,16,13,25.35461538,683.6153846,3800,-11750
"MINI","COOPER COUNTRYMAN ALL4",0.54,22.7142857142857,31.2857142857143,25.7142857142857,12.8275572642857,342.285714285714,1935.71428571429,-2428.57142857143
"MINI","JOHN COOPER WORKS CLUBMAN ALL4",1.17,22.1428571428571,30.8571428571429,25.1428571428571,13.13006868,351.714285714286,1964.28571428571,-2571.42857142857
"MINI","JOHN COOPER WORKS CONVERTIBLE",0.58,24.7647058823529,32.8235294117647,27.7647058823529,11.90345001,319.860402776471,1782.35294117647,-1661.76470588235
"MITSUBISHI","ECLIPSE CROSS 4WD",1.618,25,26,25,13.1844,347,1600,-750
"MITSUBISHI","ECLIPSE SPYDER",5.217,17.7,25.3,20.7,16.034803103,432.33304556,2190,-3700
"MITSUBISHI","ENDEAVOR AWD",4.388,15,19,17,19.38882353,522.7647059,2900,-7250
"MITSUBISHI","GALANT",5.108,19.8,28.2,22.8,14.576002862,393.0006293,1860,-2050
"MITSUBISHI","LANCER",4.17,22.45,30.125,25.4,13.15689023725,354.0253843975,1663.75,-1068.75
"MITSUBISHI","LANCER 4WD",1.965,23,30,26,12.67730769,339.5,1550,-500
"MITSUBISHI","LANCER EVOLUTION",3.952,16.8571428571429,22.3571428571429,18.8571428571429,17.4855764442857,471.133249785714,2621.42857142857,-5857.14285714286
"MITSUBISHI","LANCER SPORTBACK",1.904,21.4705882352941,28.5294117647059,24.1176470588235,13.8252160882353,373.036831994118,1755.88235294118,-1529.41176470588
"MITSUBISHI","MIRAGE",6.077,34.7,41.8,37.5,8.8036858975,234.8,1050,2000
"MITSUBISHI","MIRAGE G4",1.011,34,40.6666666666667,36,9.1629034745,243.833333333333,1100,1750
"MITSUBISHI","OUTLANDER 2WD",4.087,22.1176470588235,27.8235294117647,24.5294117647059,13.5792176276471,365.685634082353,1735.29411764706,-1426.47058823529
"MITSUBISHI","OUTLANDER 4WD",5.626,21.125,26.75,23.2083333333333,14.32267443875,384.873342454167,1937.5,-2437.5
"MITSUBISHI","OUTLANDER PHEV",1.539,25,26,25,6.76102695,174,1600,1000
"MITSUBISHI","OUTLANDER SPORT 2WD",2.978,23.56,29.44,26,12.6936741636,340.596467232,1532,-410
"MITSUBISHI","OUTLANDER SPORT 4WD",6.82,23.0625,28.375,25.4375,12.97281808125,348.58048076875,1575,-625
"NISSAN","ALTIMA AWD SR/PLATINUM",0.38,25,35,29,11.36586207,307,1350,500
"NISSAN","ALTIMA SR",1.69,26,37,30,10.987,296.333333333333,1300,750
"NISSAN","ALTIMA SR/PLATINUM",1.4578,26,35.5,30,10.99922136,299.5,1325,625
"NISSAN","ARMADA 4WD",6.96,12.25,18,14.25,23.1511785725,618.5446428625,2800,-6750
"NISSAN","FRONTIER 2WD",5.83,16.9545454545455,22.0227272727273,19.0681818181818,17.3690623815909,469.949646288636,2101.13636363636,-3255.68181818182
"NISSAN","FRONTIER 4WD",0.31,15.2272727272727,20.3636363636364,17.1363636363636,19.2664193418182,519.809491981818,2329.54545454545,-4397.72727272727
"NISSAN","FRONTIER 4WD FFV",8.51,15,21,17,19.38882353,520.666666666667,2350,-4500
"NISSAN","GT-R",3.89,15.8333333333333,22.0833333333333,18.25,18.0896211758333,486.582373008333,2712.5,-6312.5
"NISSAN","KICKS",7.48,31,36,33,9.988181818,271.5,1200,1250
"NISSAN","MAXIMA",3.39,19.8181818181818,27.8181818181818,23.1818181818182,14.2649396709091,389.710743818182,2145.45454545455,-3477.27272727273
"NISSAN","MURANO AWD",1.35,19.3333333333333,25.5,21.8333333333333,15.2066449283333,412.616666666667,1925,-2375
"NISSAN","NV200 CARGO VAN",3.6,24,25.75,24.75,13.3217375,356.75,1612.5,-812.5
"NISSAN","NV200 NYC TAXI",0.24,23,26,24,13.73375,363.6,1650,-1000
"NISSAN","PATHFINDER 4WD",1.5701,16.3125,22.4375,18.5,18.42016923875,496.765922625,2543.75,-5468.75
"NISSAN","PATHFINDER 4WD PLATINUM",1.74,19,26,21,15.69571429,420.333333333333,1900,-2250
"NISSAN","ROGUE AWD",4.74,23.5833333333333,29.25,25.5,12.9928794308333,348.622131633333,1558.33333333333,-541.666666666667
"NISSAN","ROGUE SPORT AWD",6.9924,24,30,27,12.20777778,329.333333333333,1450,0
"NISSAN","SENTRA",3.52,26,33.3513513513514,28.7837837837838,11.5567662622703,311.839102745946,1477.02702702703,-135.135135135135
"NISSAN","VERSA",4.31,27.2380952380952,34.8333333333333,30.0714285714286,11.0261180391905,297.412300961905,1310.71428571429,696.428571428571
"PONTIAC","VIBE",2.11,23.1111111111111,29.5555555555556,25.5555555555556,13.0004906188889,350.521404522222,1555.55555555556,-527.777777777778
"PORSCHE","911 CARRERA 4S CABRIOLET",1.71,18.8571428571429,26.1904761904762,21.3809523809524,15.4629964466667,415.077210885714,2321.42857142857,-4357.14285714286
"PORSCHE","911 CARRERA S",1.11,19.4285714285714,26.8571428571429,22,15.0268074357143,404.582189242857,2257.14285714286,-4035.71428571429
"PORSCHE","911 GT2",1.97,16,23,19,17.34789474,467.7368421,2600,-5750
"PORSCHE","911 GT3",2.16,14.3333333333333,20.4444444444444,16.5555555555556,19.9274019611111,540.875,2988.88888888889,-7694.44444444444
"PORSCHE","911 TARGA 4S",0.53,19,26.25,22,15.0268628275,405.916666666667,2250,-4000
"PORSCHE","911 TURBO S",1.06,17.8571428571429,24,20.2857142857143,16.2680768014286,441.285714285714,2450,-5000
"PORSCHE","911 TURBO S CABRIOLET",2.54,17.2222222222222,24,19.8888888888889,16.6044135366667,451.9122807,2494.44444444444,-5222.22222222222
"PORSCHE","911 TURBO S EXCLUSIVE",1.37,17,23,19,17.34789474,459,2600,-5750
"PORSCHE","918 SPYDER",1.14,20,24,22,10.40295132,277,2250,-2000
"PORSCHE","BOXSTER",0.81,20.5909090909091,28.7727272727273,23.8636363636364,13.8402445481818,373.053823818182,2079.54545454545,-3147.72727272727
"PORSCHE","BOXSTER GTS",0.5,19.75,26.75,22.5,14.7111649375,394,2212.5,-3812.5
"PORSCHE","BOXSTER S",0.41,20.1363636363636,27.5454545454545,22.7727272727273,14.4990077213636,389.800878631818,2172.72727272727,-3613.63636363636
"PORSCHE","CARRERA 2 S COUPE",0.16,18.5,25.5,21.5,15.33899351,413.57251085,2300,-4250
"PORSCHE","CAYENNE",6.61,16.0588235294118,22.1764705882353,18.2352941176471,18.2288194417647,488.3947419,2741.17647058824,-6455.88235294118
"PORSCHE","CAYENNE E-HYBRID",0.53,21,23,22,10.2175728,272,2250,-2750
"PORSCHE","CAYENNE GTS",6.09,13.7777777777778,19.8888888888889,16,20.9851041011111,564.018233622222,3150,-8500
"PORSCHE","CAYENNE S",0.69,15.8333333333333,22.25,18.3333333333333,18.1510380133333,490.94814815,2733.33333333333,-6416.66666666667
"PORSCHE","CAYENNE S",1.27,15.8333333333333,22.25,18.3333333333333,18.1510380133333,490.94814815,2733.33333333333,-6416.66666666667
"PORSCHE","CAYENNE S E-HYBRID",2.79,21,24,22,9.5436248985,259.75,2250,-2250
"PORSCHE","CAYENNE TURBO",1.47,14,20.5,16.5,20.0812815133333,547.258403366667,3008.33333333333,-7791.66666666667
"PORSCHE","CAYENNE TURBO S",1.35,13.1666666666667,20.1666666666667,15.5,21.4065691533333,576.428571433333,3216.66666666667,-8833.33333333333
"PORSCHE","CAYMAN",1.843,20.55,28.65,23.8,13.878361503,373.9592062,2085,-3175
"PORSCHE","CAYMAN GTS",1.17,19.75,26.75,22.5,14.7111649375,394,2212.5,-3812.5
"PORSCHE","CAYMAN S",0.88,20.1,27.5,22.75,14.513107357,390.330966495,2175,-3625
"PORSCHE","MACAN",0.71,19.5,24,21.5,15.33899351,412.5,2300,-4250
"PORSCHE","MACAN S",0.29,17.3333333333333,23,19.3333333333333,17.05876316,451.333333333333,2566.66666666667,-5583.33333333333
"PORSCHE","MACAN TURBO",0.3,17,23,19,17.34789474,466.25,2600,-5750
"PORSCHE","PANAMERA",2.35,18.8,27.2,22.1,14.946600652,404.73809524,2240,-3950
"PORSCHE","PANAMERA 4",1.25,18.8,26.5,21.6,15.280057034,411.13809524,2290,-4200
"PORSCHE","PANAMERA 4 E-HYBRID EXECUTIVE",0.12,20.5,24.5,22.5,9.49684867,257.5,2200,-2125
"PORSCHE","PANAMERA 4 E-HYBRID ST",3.56,20.5,24.5,22.5,9.49684867,257.5,2200,-2125
"PORSCHE","PANAMERA 4 ST",0.72,19.3333333333333,26,22.3333333333333,14.7651383433333,398.666666666667,2216.66666666667,-3833.33333333333
"PORSCHE","PANAMERA 4S",1.39,17.8181818181818,25.6363636363636,20.6363636363636,16.0483535954545,432.291866027273,2404.54545454545,-4772.72727272727
"PORSCHE","PANAMERA 4S EXECUTIVE",1.07,18.4285714285714,26.5714285714286,21.1428571428571,15.6420953885714,415,2357.14285714286,-4535.71428571429
"PORSCHE","PANAMERA GTS",1.49,16,23.5,19,17.34789474,477.666666666667,2600,-5750
"PORSCHE","PANAMERA S E-HYBRID",1.12,23,29,25,8.053724662,221.333333333333,2000,-1166.66666666667
"PORSCHE","PANAMERA S HYBRID",1.11,22,30,25,13.1844,359.74,2000,-2750
"PORSCHE","PANAMERA TURBO",1.75,16.0909090909091,24,19.0909090909091,17.3604112590909,464.469696963636,2604.54545454545,-5772.72727272727
"PORSCHE","PANAMERA TURBO EXECUTIVE",1.07,16.5,24.5,19.5,17.00369048,454,2550,-5500
"PORSCHE","PANAMERA TURBO S E-HYBRID EXECUTIVE",0.28,19,22.3333333333333,20.3333333333333,10.6486612833333,286.333333333333,2450,-2916.66666666667
"PORSCHE","PANAMERA TURBO S E-HYBRID ST",0.45,19,22.3333333333333,20.3333333333333,10.6486612833333,286.333333333333,2450,-2916.66666666667
"PORSCHE","PANAMERA TURBO ST",0.17,18,23,20,16.4805,449,2500,-5250
"RAM","1500 4WD",9.14,16,22.3333333333333,18.3939393939394,18.6902958454545,502.757575757576,2436.36363636364,-4931.81818181818
"SAAB","9-3 SPORT SEDAN",0.28,18.8,28.4,22,15.11207719,407.45435507,1820,-1850
"SAAB","9-3X SPORTCOMBI AWD",1.8,18.7142857142857,28.1428571428571,22,15.0190526371429,404.946211442857,1821.42857142857,-1857.14285714286
"SAAB","9-4X FWD",3.82,18,24,20,16.4805,444.35,2000,-2750
"SAAB","9-5 SEDAN",2.72,18.5,29,21.8333333333333,15.1725238116667,409.084127,1833.33333333333,-1916.66666666667
"SCION","IM",0.96,27.5,35.5,30.5,10.809790325,288.5,1300,750
"SCION","IQ",2.13,36,37,36.8,8.957869369,240.21006006,1060,1950
"SCION","TC",1.35,22.1875,29.5,25,13.20621783,355.205371375,1606.25,-781.25
"SCION","XB",2.19,22,27.2857142857143,24,13.73375,369.523809542857,1650,-1000
"SCION","XD",1.56,26.9166666666667,32.5833333333333,28.9166666666667,11.39968904,306.210899033333,1354.16666666667,479.166666666667
"SPYKER","C8",5.7429,13,18,15,21.974,592.4666667,2650,-6000
"SRT","VIPER",5.04,12,19,15,21.974,607,3300,-9250
"STI","S209",4.23,15,21,17,19.38882353,518,2900,-7250
"SUBARU","ASCENT LIMITED/TOURING",1.06,20,26,22,14.98227273,401,1800,-1750
"SUBARU","BRZ",5.37,22.5,31,25.75,12.8617658725,343.9375,1925,-2375
"SUBARU","FORESTER AWD",3.7,21.9375,27.5,24.15625,13.7744862090625,372.78579075,1795.3125,-1726.5625
"SUBARU","IMPREZA 5-DOOR",0.55,26,33.75,28.5,11.65494417,309.5,1425,125
"SUBARU","IMPREZA AWD",4.04,21.3214285714286,28.2142857142857,23.8571428571429,14.2120006967857,383.8560716,1910.71428571429,-2303.57142857143
"SUBARU","OUTBACK AWD",3.74,22.2777777777778,29,24.7222222222222,13.5331431855556,363.888888888889,1627.77777777778,-888.888888888889
"SUBARU","OUTBACK WAGON AWD",4,19.1428571428571,25.8571428571429,21.5714285714286,15.3568295464286,414.053409114286,1960.71428571429,-2553.57142857143
"SUBARU","TRIBECA AWD",3.72,16,21,18,18.31166667,492.481481466667,2200,-3750
"SUBARU","WRX",1.35,18.5555555555556,24.6111111111111,21.0555555555556,15.7583195572222,422.722222222222,2361.11111111111,-4555.55555555556
"SUZUKI","GRAND VITARA 4WD",3.9247,18.5555555555556,23.4444444444444,20,16.4988575622222,443.361626288889,2000,-2750
"SUZUKI","KIZASHI AWD",1.8,22,29,25,13.1844,356.61,1600,-750
"SUZUKI","SX4 AWD",0.1501,22.2,28.9,24.7,13.353981957,359.7562971,1620,-850
"TESLA","MODEL S LONG RANGE",0,115,107,111,0.18,0,600,4250
"TESLA","MODEL S STANDARD RANGE",0,113,105,109,0.186,0,600,4250
"TESLA","MODEL X LONG RANGE",0,99,93,96,0.21,0,700,3750
"TOYOTA","4RUNNER 4WD",4.3,16.75,20.625,18,18.3579655170833,488.402184383333,2212.5,-3812.5
"TOYOTA","AVALON",0.46,20.6428571428571,29.6428571428571,23.9285714285714,13.7939272457143,370.294889885714,1667.85714285714,-1089.28571428571
"TOYOTA","AVALON HYBRID",0.52,40.75,40,40.75,8.09652470925,218.125,975,2375
"TOYOTA","C-HR",1.18,27,31,29,11.36586207,305,1350,500
"TOYOTA","CAMRY",1.93,22.7777777777778,32.5925925925926,26.5555555555556,12.5542480175926,338.063759762963,1516.66666666667,-333.333333333333
"TOYOTA","CAMRY HYBRID",0.53,32.3333333333333,34.3333333333333,33.6666666666667,9.792335116,264.0225787,1166.66666666667,1416.66666666667
"TOYOTA","CAMRY HYBRID LE",0.29,45,43,44,7.60638461533333,203.686111111111,916.666666666667,2666.66666666667
"TOYOTA","CAMRY HYBRID XLE",0.92,40,37,39,8.451538462,228.43589745,1000,2250
"TOYOTA","CAMRY HYBRID XLE/SE",0.48,41.7142857142857,41.2857142857143,41.8571428571429,7.93212387185714,214.571428571429,942.857142857143,2535.71428571429
"TOYOTA","CAMRY XLE/XSE",0.85,27.6666666666667,38.6666666666667,31.6666666666667,10.41106855,277.333333333333,1266.66666666667,916.666666666667
"TOYOTA","CAMRY XSE",0.51,22,32,26,12.67730769,345,1550,-500
"TOYOTA","COROLLA",0.93,26.8292682926829,34.7073170731707,29.9268292682927,11.0940205614878,298.058978134146,1334.14634146341,579.268292682927
"TOYOTA","COROLLA HATCHBACK",1.17,30,39.25,33.25,9.959605801,264.75,1212.5,1187.5
"TOYOTA","COROLLA LE ECO",0.98,29.75,39,33.5,9.8412967915,265.75,1175,1375
"TOYOTA","COROLLA XLE",0.76,29,37,32,10.3003125,274,1250,1000
"TOYOTA","FJ CRUISER 4WD",2.42,15.9166666666667,19.5,17.1666666666667,19.2636276675,516.02920035,2425,-4875
"TOYOTA","HIGHLANDER",3.89,20,25.5,22.5,14.65657115,399,1775,-1625
"TOYOTA","HIGHLANDER 2WD",1.21,19.1875,24.9375,21.1875,15.584239044375,418.326136375,1881.25,-2156.25
"TOYOTA","HIGHLANDER 4WD",4.86,17,22.4,19,17.34789474,467.18947368,2100,-3250
"TOYOTA","HIGHLANDER HYBRID 4WD",2.16,27.6,26.8,27.2,12.133994502,327.08021976,1460,-50
"TOYOTA","HIGHLANDER HYBRID AWD",2.1,28,27.5,28,11.77178571,316,1400,250
"TOYOTA","PRIUS",1.12,51.25,47.75,49.6666666666667,6.64877325108333,179.018943233333,804.166666666667,3229.16666666667
"TOYOTA","PRIUS AWD",0.85,52,48,50,6.5922,176,800,3250
"TOYOTA","PRIUS C",1.16,50.7777777777778,44.6666666666667,48.2222222222222,6.84697101466667,184.748888888889,822.222222222222,3138.88888888889
"TOYOTA","PRIUS PLUG-IN HYBRID",0.47,51,49,50,4.73901108975,133,800,3500
"TOYOTA","PRIUS PRIME",0.57,55,53,54,2.957863087,78,750,4250
"TOYOTA","PRIUS V",0.71,43,39,41,8.039268293,216.626016266667,950,2500
"TOYOTA","PRIUS V",0.12,43,39,41,8.039268293,216.626016266667,950,2500
"TOYOTA","RAV4",0.26,24.375,31.5,27.125,12.2336019225,327.75,1475,-125
"TOYOTA","RAV4 4WD",1.42,20,26.375,22.375,14.7748318425,398.3614895125,1787.5,-1687.5
"TOYOTA","RAV4 AWD",1.3,23.6,30.1,26.5,12.500283349,337.1,1505,-275
"TOYOTA","RAV4 AWD TRD OFFROAD",1.39,25,32,27,12.20777778,321,1450,0
"TOYOTA","RAV4 HYBRID AWD",0.54,36.8,33.2,35.2,9.4762875,254,1150,1500
"TOYOTA","RAV4 LIMITED AWD",1.13,22,28.3333333333333,24.3333333333333,13.5506333333333,361,1633.33333333333,-916.666666666667
"TOYOTA","RAV4 LIMITED AWD/SE AWD",2.56,22,28,24,13.73375,362.666666666667,1650,-1000
"TOYOTA","SEQUOIA 4WD",5.08,13.0588235294118,17.4117647058824,14.3529411764706,22.9896050429412,610.068067241176,2779.41176470588,-6647.05882352941
"TOYOTA","SEQUOIA 4WD FFV",7.33,13,17.3333333333333,14.5555555555556,22.6715873022222,616.115343922222,2738.88888888889,-6444.44444444444
"TOYOTA","SIENNA 4WD",4.56,16,21,18,18.31166667,493.7222222,2200,-3750
"TOYOTA","SIENNA AWD",1.87,16.9,23.3,19.3,17.097314037,459.34590643,2070,-3100
"TOYOTA","TACOMA 2WD",4.51,18.3947368421053,22.8947368421053,20.1052631578947,16.5263991207895,445.346650776316,1996.05263157895,-2730.26315789474
"TOYOTA","TACOMA 4WD",4.4,17.1627906976744,20.8139534883721,18.6046511627907,17.8011048630233,477.870146837209,2152.32558139535,-3511.62790697674
"TOYOTA","TUNDRA 2WD",2.1,14.4137931034483,18.8275862068966,16.1034482758621,20.5402670727586,554.408944672414,2484.48275862069,-5172.41379310345
"TOYOTA","TUNDRA 4WD",2.89,13.4166666666667,17.5416666666667,15.1666666666667,21.7941532741667,590.627901791667,2637.5,-5937.5
"TOYOTA","VENZA 4WD",1.09,19,25.5,21.5,15.33899351,406.5,1850,-2000
"TOYOTA","VENZA AWD",5.73,19,25.7,21.7,15.208712878,409.04536044,1840,-1950
"TOYOTA","YARIS",2.64,29.88,36,32.48,10.16026676592,274.485105092,1230,1100
"VOLKSWAGEN","ARTEON",0.31,22,31,25,13.1844,350,2000,-2750
"VOLKSWAGEN","ATLAS",4.6531,19.4,25,21.4,15.50533804,413.8,1870,-2100
"VOLKSWAGEN","BEETLE",0.965,24.21875,32.5625,27.25,12.512783728125,336.991614584375,1604.6875,-773.4375
"VOLKSWAGEN","EOS",1.95,21.7272727272727,30.0909090909091,25,13.1844,354.941818181818,2000,-2750
"VOLKSWAGEN","GOLF",1.54,26.3548387096774,35.4838709677419,29.6451612903226,11.8496365216129,317.188997332258,1430.64516129032,96.7741935483871
"VOLKSWAGEN","GOLF",2.1802,26.3548387096774,35.4838709677419,29.6451612903226,11.8496365216129,317.188997332258,1430.64516129032,96.7741935483871
"VOLKSWAGEN","JETTA",4.62,25.231884057971,34.5507246376812,28.6231884057971,11.9703625351304,321.585569001449,1507.24637681159,-286.231884057971
"VOLKSWAGEN","JETTA HYBRID",3.606,41.25,48,44,7.491136364,200,1100,1750
"VOLKSWAGEN","JETTA SPORTWAGEN",0.12,25.5384615384615,34.2307692307692,28.5,12.4797464080769,333.118252246154,1546.15384615385,-480.769230769231
"VOLKSWAGEN","PASSAT",1,23.3928571428571,33.1071428571429,27,12.7144533721429,340.855788057143,1621.42857142857,-857.142857142857
"VOLKSWAGEN","TIGUAN",2.91,19.8888888888889,26,22.3333333333333,14.8161132255556,400.466059411111,2155.55555555556,-3527.77777777778
"VOLKSWAGEN","TIGUAN",4.16,19.8888888888889,26,22.3333333333333,14.8161132255556,400.466059411111,2155.55555555556,-3527.77777777778
"VOLKSWAGEN","TIGUAN 4MOTION",2,19.8333333333333,25.75,21.9166666666667,15.0839898508333,403.273481708333,2166.66666666667,-3583.33333333333
"VOLKSWAGEN","TOUAREG",1.75,17.2222222222222,24.0555555555556,19.8333333333333,17.963760915,482.767519494444,2411.11111111111,-4805.55555555556
"VOLVO","V60 POLESTAR AWD",0.35,20,27,22.5,14.65657115,390.5,2200,-3750
"VOLVO","V60 POLESTAR AWD",0.35,18,27,21,15.69571429,410,1900,-2250
"VOLVO","XC60 AWD",0.12,18.28,24.92,20.8,15.9525695748,426.198140348,2066,-3080
"VOLVO","XC90 AWD",1.07,17.6842105263158,23.6842105263158,19.8421052631579,17.0429142389474,457.158814931579,2281.57894736842,-4157.8947368421
"VPG","MV-1",4.18,13,18,15,21.974,588.644444466667,2650,-6000
